{
  "best_model": "random_forest_smote",
  "threshold": 0.5981510333315434,
  "test_metrics": {
    "roc_auc": 0.9787955400927959,
    "pr_auc": 0.8595671278266752,
    "precision": 0.801980198019802,
    "recall": 0.826530612244898,
    "f1": 0.8140703517587939,
    "f2": 0.821501014198783,
    "balanced_accuracy": 0.9130894479344918,
    "expected_cost": 445.0,
    "confusion_matrix": [
      [
        56844,
        20
      ],
      [
        17,
        81
      ]
    ],
    "classification_report": "              precision    recall  f1-score   support\n\n           0       1.00      1.00      1.00     56864\n           1       0.80      0.83      0.81        98\n\n    accuracy                           1.00     56962\n   macro avg       0.90      0.91      0.91     56962\nweighted avg       1.00      1.00      1.00     56962\n"
  },
  "cv_results": [
    {
      "model": "random_forest_smote",
      "roc_auc": 0.9861779165321911,
      "pr_auc": 0.8431732735509669,
      "f1": 0.8053778463801462,
      "recall": 0.8122038299253489
    },
    {
      "model": "hist_gb_weighted",
      "roc_auc": 0.9785475365816516,
      "pr_auc": 0.8297404641490178,
      "f1": 0.8366722771168907,
      "recall": 0.7691333982473223
    },
    {
      "model": "logistic_smote",
      "roc_auc": 0.978859213457212,
      "pr_auc": 0.7638850865931746,
      "f1": 0.09599928241621275,
      "recall": 0.9188575137942226
    },
    {
      "model": "decision_tree_weighted",
      "roc_auc": 0.889242009208872,
      "pr_auc": 0.49451310724179864,
      "f1": 0.23343223102785574,
      "recall": 0.8325868224602402
    }
  ]
}